AGV2,1
AGV2,2
AGV2,3
AGV2,4
AGV2,5
BCR2,1
BCR2,2
BCR2,3
BCR2,4
BCR2,5
BHVO2,1
BHVO2,2
BHVO2,3
BHVO2,4
BHVO2,5
BIR1A,1
BIR1A,2
BIR1A,3
BIR1A,4
BIR1A,5
BK2,1
BK2,2
BK2,3
BK2,4
BK2,5
BT2,1
BT2,2
BT2,3
BT2,4
BT2,5
BWQC1,1
BWQC1,2
BWQC1,3
BWQC1,4
BWQC1,5
CADILLAC,1
CADILLAC,2
CADILLAC,3
CADILLAC,4
CADILLAC,5
GBW07103,1
GBW07103,2
GBW07103,3
GBW07103,4
GBW07103,5
GBW07104,1
GBW07104,2
GBW07104,3
GBW07104,4
GBW07104,5
GBW07105,1
GBW07105,2
GBW07105,3
GBW07105,4
GBW07105,5
GBW07108,1
GBW07108,2
GBW07108,3
GBW07108,4
GBW07108,5
GBW07110,1
GBW07110,2
GBW07110,3
GBW07110,4
GBW07110,5
GBW07113,1
GBW07113,2
GBW07113,3
GBW07113,4
GBW07113,5
GBW07305,1
GBW07305,2
GBW07305,3
GBW07305,4
GBW07305,5
GBW07306,1
GBW07306,2
GBW07306,3
GBW07306,4
GBW07306,5
GBW07309,1
GBW07309,2
GBW07309,3
GBW07309,4
GBW07309,5
GBW07311,1
GBW07311,2
GBW07311,3
GBW07311,4
GBW07311,5
GBW07312,1
GBW07312,2
GBW07312,3
GBW07312,4
GBW07312,5
GBW07313,1
GBW07313,2
GBW07313,3
GBW07313,4
GBW07313,5
GBW07315,1
GBW07315,2
GBW07315,3
GBW07315,4
GBW07315,5
GBW07316,1
GBW07316,2
GBW07316,3
GBW07316,4
GBW07316,5
GRANODIKE,1
GRANODIKE,2
GRANODIKE,3
GRANODIKE,4
GRANODIKE,5
GSR2,1
GSR2,2
GSR2,3
GSR2,4
GSR2,5
GUWBM,1
GUWBM,2
GUWBM,3
GUWBM,4
GUWBM,5
GUWGNA,1
GUWGNA,2
GUWGNA,3
GUWGNA,4
GUWGNA,5
GYPA,1
GYPA,2
GYPA,3
GYPA,4
GYPA,5
GYPB,1
GYPB,2
GYPB,3
GYPB,4
GYPB,5
GYPC,1
GYPC,2
GYPC,3
GYPC,4
GYPC,5
GYPD,1
GYPD,2
GYPD,3
GYPD,4
GYPD,5
JA1,1
JA1,2
JA1,3
JA1,4
JA1,5
JA2,1
JA2,2
JA2,3
JA2,4
JA2,5
JA3,1
JA3,2
JA3,3
JA3,4
JA3,5
JB1B,1
JB1B,2
JB1B,3
JB1B,4
JB1B,5
JB2,1
JB2,2
JB2,3
JB2,4
JB2,5
JB3,1
JB3,2
JB3,3
JB3,4
JB3,5
JR1,1
JR1,2
JR1,3
JR1,4
JR1,5
KGAMEDS,1
KGAMEDS,2
KGAMEDS,3
KGAMEDS,4
KGAMEDS,5
MACUSANITE,1
MACUSANITE,2
MACUSANITE,3
MACUSANITE,4
MACUSANITE,5
MHC1356,1
MHC1356,2
MHC1356,3
MHC1356,4
MHC1356,5
MHC2319,1
MHC2319,2
MHC2319,3
MHC2319,4
MHC2319,5
MHC3828,1
MHC3828,2
MHC3828,3
MHC3828,4
MHC3828,5
MO12,1
MO12,2
MO12,3
MO12,4
MO12,5
MO13,1
MO13,2
MO13,3
MO13,4
MO13,5
MO14,1
MO14,2
MO14,3
MO14,4
MO14,5
MO15,1
MO15,2
MO15,3
MO15,4
MO15,5
MO7,1
MO7,2
MO7,3
MO7,4
MO7,5
MOPPIN,1
MOPPIN,2
MOPPIN,3
MOPPIN,4
MOPPIN,5
MSHA,1
MSHA,2
MSHA,3
MSHA,4
MSHA,5
NAU2,1
NAU2,2
NAU2,3
NAU2,4
NAU2,5
NAU2HIS,1
NAU2HIS,2
NAU2HIS,3
NAU2HIS,4
NAU2HIS,5
NAU2LOS,1
NAU2LOS,2
NAU2LOS,3
NAU2LOS,4
NAU2LOS,5
NAU2MEDS,1
NAU2MEDS,2
NAU2MEDS,3
NAU2MEDS,4
NAU2MEDS,5
NORITE,1
NORITE,2
NORITE,3
NORITE,4
NORITE,5
SARM51,1
SARM51,2
SARM51,3
SARM51,4
SARM51,5
SGR1,1
SGR1,2
SGR1,3
SGR1,4
SGR1,5
SHERGOTTITE,1
SHERGOTTITE,2
SHERGOTTITE,3
SHERGOTTITE,4
SHERGOTTITE,5
SRM688,1
SRM688,2
SRM688,3
SRM688,4
SRM688,5
SRM97A,1
SRM97A,2
SRM97A,3
SRM97A,4
SRM97A,5
SRM98A,1
SRM98A,2
SRM98A,3
SRM98A,4
SRM98A,5
SWY1,1
SWY1,2
SWY1,3
SWY1,4
SWY1,5
TROND,1
TROND,2
TROND,3
TROND,4
TROND,5
UMPH,1
UMPH,2
UMPH,3
UMPH,4
UMPH,5
UNSAK,1
UNSAK,2
UNSAK,3
UNSAK,4
UNSAK,5
UNSZK,1
UNSZK,2
UNSZK,3
UNSZK,4
UNSZK,5
VH1,1
VH1,2
VH1,3
VH1,4
VH1,5
VS211681,1
VS211681,2
VS211681,3
VS211681,4
VS211681,5
VZO106,1
VZO106,2
VZO106,3
VZO106,4
VZO106,5
VZO114,1
VZO114,2
VZO114,3
VZO114,4
VZO114,5
WM,1
WM,2
WM,3
WM,4
WM,5
IGS29,1
IGS29,2
IGS29,3
IGS29,4
IGS29,5
SARM16,1
SARM16,2
SARM16,3
SARM16,4
SARM16,5
OREAS170A,1
OREAS170A,2
OREAS170A,3
OREAS170A,4
OREAS170A,5
NCSDC47008,1
NCSDC47008,2
NCSDC47008,3
NCSDC47008,4
NCSDC47008,5
NCSDC47009,1
NCSDC47009,2
NCSDC47009,3
NCSDC47009,4
NCSDC47009,5
NCSDC28041,1
NCSDC28041,2
NCSDC28041,3
NCSDC28041,4
NCSDC28041,5
JMN1,1
JMN1,2
JMN1,3
JMN1,4
JMN1,5
SARM17,1
SARM17,2
SARM17,3
SARM17,4
SARM17,5
JSC1365,1
JSC1365,2
JSC1365,3
JSC1365,4
JSC1365,5
JSC1413,1
JSC1413,2
JSC1413,3
JSC1413,4
JSC1413,5
JSC1414,1
JSC1414,2
JSC1414,3
JSC1414,4
JSC1414,5
JSC1415,1
JSC1415,2
JSC1415,3
JSC1415,4
JSC1415,5
JSC1370,1
JSC1370,2
JSC1370,3
JSC1370,4
JSC1370,5
JSC1416,1
JSC1416,2
JSC1416,3
JSC1416,4
JSC1416,5
JSC1418,1
JSC1418,2
JSC1418,3
JSC1418,4
JSC1418,5
JSC1419,1
JSC1419,2
JSC1419,3
JSC1419,4
JSC1419,5
JSC1420,1
JSC1420,2
JSC1420,3
JSC1420,4
JSC1420,5
JSC1372,1
JSC1372,2
JSC1372,3
JSC1372,4
JSC1372,5
JSC1421,1
JSC1421,2
JSC1421,3
JSC1421,4
JSC1421,5
JSC1373,1
JSC1373,2
JSC1373,3
JSC1373,4
JSC1373,5
JSC1374,1
JSC1374,2
JSC1374,3
JSC1374,4
JSC1374,5
JSC1375,1
JSC1375,2
JSC1375,3
JSC1375,4
JSC1375,5
JSC1376,1
JSC1376,2
JSC1376,3
JSC1376,4
JSC1376,5
JSC1424,1
JSC1424,2
JSC1424,3
JSC1424,4
JSC1424,5
JSC1377,1
JSC1377,2
JSC1377,3
JSC1377,4
JSC1377,5
JSC1378,1
JSC1378,2
JSC1378,3
JSC1378,4
JSC1378,5
JSC1379,1
JSC1379,2
JSC1379,3
JSC1379,4
JSC1379,5
JSC1426,1
JSC1426,2
JSC1426,3
JSC1426,4
JSC1426,5
JSC1427,1
JSC1427,2
JSC1427,3
JSC1427,4
JSC1427,5
JSC1382,1
JSC1382,2
JSC1382,3
JSC1382,4
JSC1382,5
JSC1383,1
JSC1383,2
JSC1383,3
JSC1383,4
JSC1383,5
JSC1384,1
JSC1384,2
JSC1384,3
JSC1384,4
JSC1384,5
JSC1385,1
JSC1385,2
JSC1385,3
JSC1385,4
JSC1385,5
JSC1386,1
JSC1386,2
JSC1386,3
JSC1386,4
JSC1386,5
JSC1387,1
JSC1387,2
JSC1387,3
JSC1387,4
JSC1387,5
JSC1388,1
JSC1388,2
JSC1388,3
JSC1388,4
JSC1388,5
JSC1429,1
JSC1429,2
JSC1429,3
JSC1429,4
JSC1429,5
JSC1430,1
JSC1430,2
JSC1430,3
JSC1430,4
JSC1430,5
JSC1431,1
JSC1431,2
JSC1431,3
JSC1431,4
JSC1431,5
JSC1380,1
JSC1380,2
JSC1380,3
JSC1380,4
JSC1380,5
JSC1381,1
JSC1381,2
JSC1381,3
JSC1381,4
JSC1381,5
JSC1390,1
JSC1390,2
JSC1390,3
JSC1390,4
JSC1390,5
JSC1391,1
JSC1391,2
JSC1391,3
JSC1391,4
JSC1391,5
JSC1392,1
JSC1392,2
JSC1392,3
JSC1392,4
JSC1392,5
JSC1456,1
JSC1456,2
JSC1456,3
JSC1456,4
JSC1456,5
JSC1393,1
JSC1393,2
JSC1393,3
JSC1393,4
JSC1393,5
JSC1394,1
JSC1394,2
JSC1394,3
JSC1394,4
JSC1394,5
JSC1432,1
JSC1432,2
JSC1432,3
JSC1432,4
JSC1432,5
JSC1454,1
JSC1454,2
JSC1454,3
JSC1454,4
JSC1454,5
JSC1433,1
JSC1433,2
JSC1433,3
JSC1433,4
JSC1433,5
JSC1395,1
JSC1395,2
JSC1395,3
JSC1395,4
JSC1395,5
JSC1396,1
JSC1396,2
JSC1396,3
JSC1396,4
JSC1396,5
JSC1435,1
JSC1435,2
JSC1435,3
JSC1435,4
JSC1435,5
JSC1399,1
JSC1399,2
JSC1399,3
JSC1399,4
JSC1399,5
JSC1400,1
JSC1400,2
JSC1400,3
JSC1400,4
JSC1400,5
JSC1422,1
JSC1422,2
JSC1422,3
JSC1422,4
JSC1422,5
JSC1423,1
JSC1423,2
JSC1423,3
JSC1423,4
JSC1423,5
JSC1417,1
JSC1417,2
JSC1417,3
JSC1417,4
JSC1417,5
JSC1452,1
JSC1452,2
JSC1452,3
JSC1452,4
JSC1452,5
JSC1436,1
JSC1436,2
JSC1436,3
JSC1436,4
JSC1436,5
JSC1437,1
JSC1437,2
JSC1437,3
JSC1437,4
JSC1437,5
JSC1438,1
JSC1438,2
JSC1438,3
JSC1438,4
JSC1438,5
JSC1404,1
JSC1404,2
JSC1404,3
JSC1404,4
JSC1404,5
JSC1405,1
JSC1405,2
JSC1405,3
JSC1405,4
JSC1405,5
JSC1406,1
JSC1406,2
JSC1406,3
JSC1406,4
JSC1406,5
JSC1407,1
JSC1407,2
JSC1407,3
JSC1407,4
JSC1407,5
JSC1440,1
JSC1440,2
JSC1440,3
JSC1440,4
JSC1440,5
JSC1441,1
JSC1441,2
JSC1441,3
JSC1441,4
JSC1441,5
JSC1408,1
JSC1408,2
JSC1408,3
JSC1408,4
JSC1408,5
JSC1409,1
JSC1409,2
JSC1409,3
JSC1409,4
JSC1409,5
JSC1410,1
JSC1410,2
JSC1410,3
JSC1410,4
JSC1410,5
JSC1411,1
JSC1411,2
JSC1411,3
JSC1411,4
JSC1411,5
JSC1412,1
JSC1412,2
JSC1412,3
JSC1412,4
JSC1412,5
JSC1442,1
JSC1442,2
JSC1442,3
JSC1442,4
JSC1442,5
JSC1443,1
JSC1443,2
JSC1443,3
JSC1443,4
JSC1443,5
JSC1444,1
JSC1444,2
JSC1444,3
JSC1444,4
JSC1444,5
JSC1445,1
JSC1445,2
JSC1445,3
JSC1445,4
JSC1445,5
JSC1446,1
JSC1446,2
JSC1446,3
JSC1446,4
JSC1446,5
JSC1447,1
JSC1447,2
JSC1447,3
JSC1447,4
JSC1447,5
JSC1448,1
JSC1448,2
JSC1448,3
JSC1448,4
JSC1448,5
JSC1449,1
JSC1449,2
JSC1449,3
JSC1449,4
JSC1449,5
JSC1453,1
JSC1453,2
JSC1453,3
JSC1453,4
JSC1453,5
JSC1455,1
JSC1455,2
JSC1455,3
JSC1455,4
JSC1455,5
JSC1457,1
JSC1457,2
JSC1457,3
JSC1457,4
JSC1457,5
JSC1458,1
JSC1458,2
JSC1458,3
JSC1458,4
JSC1458,5
JSC1459,1
JSC1459,2
JSC1459,3
JSC1459,4
JSC1459,5
JSC1460,1
JSC1460,2
JSC1460,3
JSC1460,4
JSC1460,5
JSC1461,1
JSC1461,2
JSC1461,3
JSC1461,4
JSC1461,5
JSC1462,1
JSC1462,2
JSC1462,3
JSC1462,4
JSC1462,5
JSC1463,1
JSC1463,2
JSC1463,3
JSC1463,4
JSC1463,5
JSC1464,1
JSC1464,2
JSC1464,3
JSC1464,4
JSC1464,5
JSC1467,1
JSC1467,2
JSC1467,3
JSC1467,4
JSC1467,5
JSC1468,1
JSC1468,2
JSC1468,3
JSC1468,4
JSC1468,5
JSC1469,1
JSC1469,2
JSC1469,3
JSC1469,4
JSC1469,5
JSC1470,1
JSC1470,2
JSC1470,3
JSC1470,4
JSC1470,5
SANCA,1
SANCA,2
SANCA,3
SANCA,4
SANCA,5
SANCB,1
SANCB,2
SANCB,3
SANCB,4
SANCB,5
SANCC,1
SANCC,2
SANCC,3
SANCC,4
SANCC,5
SANCI,1
SANCI,2
SANCI,3
SANCI,4
SANCI,5
SANCJ,1
SANCJ,2
SANCJ,3
SANCJ,4
SANCJ,5
SANCK,1
SANCK,2
SANCK,3
SANCK,4
SANCK,5
HVALFJ011,1
HVALFJ011,2
HVALFJ011,3
HVALFJ011,4
HVALFJ011,5
HVALFJ017,1
HVALFJ017,2
HVALFJ017,3
HVALFJ017,4
HVALFJ017,5
HVALFJ025,1
HVALFJ025,2
HVALFJ025,3
HVALFJ025,4
HVALFJ025,5
HVALFJ054,1
HVALFJ054,2
HVALFJ054,3
HVALFJ054,4
HVALFJ054,5
ICEL009010,1
ICEL009010,2
ICEL009010,3
ICEL009010,4
ICEL009010,5
MIX1B,1
MIX1B,2
MIX1B,3
MIX1B,4
MIX1B,5
MIX1D,1
MIX1D,2
MIX1D,3
MIX1D,4
MIX1D,5
MIX1O,1
MIX1O,2
MIX1O,3
MIX1O,4
MIX1O,5
MIX2B,1
MIX2B,2
MIX2B,3
MIX2B,4
MIX2B,5
MIX2D,1
MIX2D,2
MIX2D,3
MIX2D,4
MIX2D,5
MIX2O,1
MIX2O,2
MIX2O,3
MIX2O,4
MIX2O,5
MIX3B,1
MIX3B,2
MIX3B,3
MIX3B,4
MIX3B,5
MIX3D,1
MIX3D,2
MIX3D,3
MIX3D,4
MIX3D,5
MIX3O,1
MIX3O,2
MIX3O,3
MIX3O,4
MIX3O,5
MIX4B,1
MIX4B,2
MIX4B,3
MIX4B,4
MIX4B,5
MIX4D,1
MIX4D,2
MIX4D,3
MIX4D,4
MIX4D,5
MIX4O,1
MIX4O,2
MIX4O,3
MIX4O,4
MIX4O,5
MIX5B,1
MIX5B,2
MIX5B,3
MIX5B,4
MIX5D,1
MIX5D,2
MIX5D,3
MIX5D,4
MIX5D,5
MIX5O,1
MIX5O,2
MIX5O,3
MIX5O,4
MIX5O,5
SANCS2,1
SANCS2,2
SANCS2,3
SANCS2,4
SANCS2,5
K1919,1
K1919,2
K1919,3
K1919,4
K1919,5
IDBDF,1
IDBDF,2
IDBDF,3
IDBDF,4
IDBDF,5
MIX6B,1
MIX6B,2
MIX6B,3
MIX6B,4
MIX6B,5
MIX6D,1
MIX6D,2
MIX6D,3
MIX6D,4
MIX6D,5
MIX6O,1
MIX6O,2
MIX6O,3
MIX6O,4
MIX6O,5
NAU1,1
NAU1,2
NAU1,3
NAU1,4
NAU1,5
SH5,1
SH5,2
SH5,3
SH5,4
SH5,5
SH59,1
SH59,2
SH59,3
SH59,4
SH59,5
SH73,1
SH73,2
SH73,3
SH73,4
SH73,5
NAT18,1
NAT18,2
NAT18,3
NAT18,4
NAT18,5
LP4,1
LP4,2
LP4,3
LP4,4
LP4,5
LP11,1
LP11,2
LP11,3
LP11,4
LP11,5
LP30,1
LP30,2
LP30,3
LP30,4
LP30,5
LP20,1
LP20,2
LP20,3
LP20,4
LP20,5
LP28,1
LP28,2
LP28,3
LP28,4
LP28,5
LP14,1
LP14,2
LP14,3
LP14,4
LP14,5
MNFN,1
MNFN,2
MNFN,3
MNFN,4
MNFN,5
MNK,1
MNK,2
MNK,3
MNK,4
MNK,5
R11,1
R11,2
R11,3
R11,4
R11,5
R21,1
R21,2
R21,3
R21,4
R21,5
R22,1
R22,2
R22,3
R22,4
R22,5
R23,1
R23,2
R23,3
R23,4
R23,5
R24,1
R24,2
R24,3
R24,4
R24,5
R41,1
R41,2
R41,3
R41,4
R41,5
R42,1
R42,2
R42,3
R42,4
R42,5
R43,1
R43,2
R43,3
R43,4
R43,5
R44,1
R44,2
R44,3
R44,4
R44,5
R45,1
R45,2
R45,3
R45,4
R45,5
R61,1
R61,2
R61,3
R61,4
R61,5
R62,1
R62,2
R62,3
R62,4
R62,5
R63,1
R63,2
R63,3
R63,4
R63,5
R65,1
R65,2
R65,3
R65,4
R65,5
PS1,1
PS1,2
PS1,3
PS1,4
PS1,5
PS4,1
PS4,2
PS4,3
PS4,4
PS4,5
PS5,1
PS5,2
PS5,3
PS5,4
PS5,5
PL1,1
PL1,2
PL1,3
PL1,4
PL1,5
PL3,1
PL3,2
PL3,3
PL3,4
PL3,5
PL4,1
PL4,2
PL4,3
PL4,4
PL4,5
PL5,1
PL5,2
PL5,3
PL5,4
PL5,5
S3A,1
S3A,2
S3A,3
S3A,4
S3A,5
S3B,1
S3B,2
S3B,3
S3B,4
S3B,5
S4,1
S4,2
S4,3
S4,4
S4,5
S5,1
S5,2
S5,3
S5,4
S5,5
57A,1
57A,2
57A,3
57A,4
57A,5
67,1
67,2
67,3
67,4
67,5
81,1
81,2
81,3
81,4
81,5
117A,1
117A,2
117A,3
117A,4
117A,5
130,1
130,2
130,3
130,4
130,5
132,1
132,2
132,3
132,4
132,5
135,1
135,2
135,3
135,4
135,5
14PS,1
14PS,2
14PS,3
14PS,4
14PS,5
19PS,1
19PS,2
19PS,3
19PS,4
19PS,5
34P1,1
34P1,2
34P1,3
34P1,4
34P1,5
34P4,1
34P4,2
34P4,3
34P4,4
34P4,5
G1MT,1
G1MT,2
G1MT,3
G1MT,4
G1MT,5
G2MT,1
G2MT,2
G2MT,3
G2MT,4
G2MT,5
G3MT,1
G3MT,2
G3MT,3
G3MT,4
G3MT,5
G4MT,1
G4MT,2
G4MT,3
G4MT,4
G4MT,5
G5MT,1
G5MT,2
G5MT,3
G5MT,4
G5MT,5
G6MT,1
G6MT,2
G6MT,3
G6MT,4
G6MT,5
G7MT,1
G7MT,2
G7MT,3
G7MT,4
G7MT,5
G8MT,1
G8MT,2
G8MT,3
G8MT,4
G8MT,5
G9MT,1
G9MT,2
G9MT,3
G9MT,4
G9MT,5
G10MT,1
G10MT,2
G10MT,3
G10MT,4
G10MT,5
G11MT,1
G11MT,2
G11MT,3
G11MT,4
G11MT,5
G12MT,1
G12MT,2
G12MT,3
G12MT,4
G12MT,5
G13MT,1
G13MT,2
G13MT,3
G13MT,4
G13MT,5
G14MT,1
G14MT,2
G14MT,3
G14MT,4
G14MT,5
G15MT,1
G15MT,2
G15MT,3
G15MT,4
G15MT,5
G16MT,1
G16MT,2
G16MT,3
G16MT,4
G16MT,5
G17MT,1
G17MT,2
G17MT,3
G17MT,4
G17MT,5
G18MT,1
G18MT,2
G18MT,3
G18MT,4
G18MT,5
G19MT,1
G19MT,2
G19MT,3
G19MT,4
G19MT,5
G20MT,1
G20MT,2
G20MT,3
G20MT,4
G20MT,5
G21MT,1
G21MT,2
G21MT,3
G21MT,4
G21MT,5
G22MT,1
G22MT,2
G22MT,3
G22MT,4
G22MT,5
G23MT,1
G23MT,2
G23MT,3
G23MT,4
G23MT,5
G24MT,1
G24MT,2
G24MT,3
G24MT,4
G24MT,5
G25MT,1
G25MT,2
G25MT,3
G25MT,4
G25MT,5
G26MT,1
G26MT,2
G26MT,3
G26MT,4
G26MT,5
G27MT,1
G27MT,2
G27MT,3
G27MT,4
G27MT,5
G28MT,1
G28MT,2
G28MT,3
G28MT,4
G28MT,5
GL1MT,1
GL1MT,2
GL1MT,3
GL1MT,4
GL1MT,5
GL2MT,1
GL2MT,2
GL2MT,3
GL2MT,4
GL2MT,5
GL3MT,1
GL3MT,2
GL3MT,3
GL3MT,4
GL3MT,5
GL4MT,1
GL4MT,2
GL4MT,3
GL4MT,4
GL4MT,5
GL5MT,1
GL5MT,2
GL5MT,3
GL5MT,4
GL5MT,5
GL6MT,1
GL6MT,2
GL6MT,3
GL6MT,4
GL6MT,5
GL7MT,1
GL7MT,2
GL7MT,3
GL7MT,4
GL7MT,5
M1MT,1
M1MT,2
M1MT,3
M1MT,4
M1MT,5
M2MT,1
M2MT,2
M2MT,3
M2MT,4
M2MT,5
M3MT,1
M3MT,2
M3MT,3
M3MT,4
M3MT,5
M4MT,1
M4MT,2
M4MT,3
M4MT,4
M4MT,5
M5MT,1
M5MT,2
M5MT,3
M5MT,4
M5MT,5
M6MT,1
M6MT,2
M6MT,3
M6MT,4
M6MT,5
M7MT,1
M7MT,2
M7MT,3
M7MT,4
M7MT,5
M8MT,1
M8MT,2
M8MT,3
M8MT,4
M8MT,5
P1MT,1
P1MT,2
P1MT,3
P1MT,4
P1MT,5
P2MT,1
P2MT,2
P2MT,3
P2MT,4
P2MT,5
P3MT,1
P3MT,2
P3MT,3
P3MT,4
P3MT,5
P4MT,1
P4MT,2
P4MT,3
P4MT,4
P4MT,5
P5MT,1
P5MT,2
P5MT,3
P5MT,4
P5MT,5
P6MT,1
P6MT,2
P6MT,3
P6MT,4
P6MT,5
P7MT,1
P7MT,2
P7MT,3
P7MT,4
P7MT,5
P8MT,1
P8MT,2
P8MT,3
P8MT,4
P8MT,5
P9MT,1
P9MT,2
P9MT,3
P9MT,4
P9MT,5
P10MT,1
P10MT,2
P10MT,3
P10MT,4
P10MT,5
P11MT,1
P11MT,2
P11MT,3
P11MT,4
P11MT,5
P12MT,1
P12MT,2
P12MT,3
P12MT,4
P12MT,5
P13MT,1
P13MT,2
P13MT,3
P13MT,4
P13MT,5
54939M,1
54939M,2
54939M,3
54939M,4
54939M,5
54940M,1
54940M,2
54940M,3
54940M,4
54940M,5
54941M,1
54941M,2
54941M,3
54941M,4
54941M,5
54942M,1
54942M,2
54942M,3
54942M,4
54942M,5
54943BM,1
54943BM,2
54943BM,3
54943BM,4
54943BM,5
54947M,1
54947M,2
54947M,3
54947M,4
54947M,5
54951M,1
54951M,2
54951M,3
54951M,4
54951M,5
54944M,1
54944M,2
54944M,3
54944M,4
54944M,5
R2098M,1
R2098M,2
R2098M,3
R2098M,4
R2098M,5
R2100M,1
R2100M,2
R2100M,3
R2100M,4
R2100M,5
42877M,1
42877M,2
42877M,3
42877M,4
42877M,5
46436M,1
46436M,2
46436M,3
46436M,4
46436M,5
DKM2390,1
DKM2390,2
DKM2390,3
DKM2390,4
DKM2390,5
DKM1490,1
DKM1490,2
DKM1490,3
DKM1490,4
DKM1490,5
DKM1390,1
DKM1390,2
DKM1390,3
DKM1390,4
DKM1390,5
DKM2290,1
DKM2290,2
DKM2290,3
DKM2290,4
DKM2290,5
DKM2190,1
DKM2190,2
DKM2190,3
DKM2190,4
DKM2190,5
DKM1790,1
DKM1790,2
DKM1790,3
DKM1790,4
DKM1790,5
DKM1890,1
DKM1890,2
DKM1890,3
DKM1890,4
DKM1890,5
DKM1590,1
DKM1590,2
DKM1590,3
DKM1590,4
DKM1590,5
DKM390,1
DKM390,2
DKM390,3
DKM390,4
DKM390,5
DKM1190,1
DKM1190,2
DKM1190,3
DKM1190,4
DKM1190,5
DKM3090,1
DKM3090,2
DKM3090,3
DKM3090,4
DKM3090,5
DKM2990,1
DKM2990,2
DKM2990,3
DKM2990,4
DKM2990,5
DKM3290,1
DKM3290,2
DKM3290,3
DKM3290,4
DKM3290,5
AO12,1
AO12,2
AO12,3
AO12,4
AO12,5
AO10,1
AO10,2
AO10,3
AO10,4
AO10,5
AO9,1
AO9,2
AO9,3
AO9,4
AO9,5
AO8,1
AO8,2
AO8,3
AO8,4
AO8,5
AO7,1
AO7,2
AO7,3
AO7,4
AO7,5
AO6,1
AO6,2
AO6,3
AO6,4
AO6,5
CL5,1
CL5,2
CL5,3
CL5,4
CL5,5
MI1,1
MI1,2
MI1,3
MI1,4
MI1,5
MI4,1
MI4,2
MI4,3
MI4,4
MI4,5
MI5,1
MI5,2
MI5,3
MI5,4
MI5,5
PL7,1
PL7,2
PL7,3
PL7,4
PL7,5
PL6,1
PL6,2
PL6,3
PL6,4
PL6,5
PL1B,1
PL1B,2
PL1B,3
PL1B,4
PL1B,5
PW7,1
PW7,2
PW7,3
PW7,4
PW7,5
PW6,1
PW6,2
PW6,3
PW6,4
PW6,5
PW5,1
PW5,2
PW5,3
PW5,4
PW5,5
PW3,1
PW3,2
PW3,3
PW3,4
PW3,5
PW1,1
PW1,2
PW1,3
PW1,4
PW1,5
SC8,1
SC8,2
SC8,3
SC8,4
SC8,5
SC7,1
SC7,2
SC7,3
SC7,4
SC7,5
SC6,1
SC6,2
SC6,3
SC6,4
SC6,5
SC5,1
SC5,2
SC5,3
SC5,4
SC5,5
SC4,1
SC4,2
SC4,3
SC4,4
SC4,5
SC3,1
SC3,2
SC3,3
SC3,4
SC3,5
SC2,1
SC2,2
SC2,3
SC2,4
SC2,5
SC1,1
SC1,2
SC1,3
SC1,4
SC1,5
PG1,1
PG1,2
PG1,3
PG1,4
PG1,5
PG2,1
PG2,2
PG2,3
PG2,4
PG2,5
PG3,1
PG3,2
PG3,3
PG3,4
PG3,5
PG4,1
PG4,2
PG4,3
PG4,4
PG4,5
PG5,1
PG5,2
PG5,3
PG5,4
PG5,5
PG6,1
PG6,2
PG6,3
PG6,4
PG6,5
PG7,1
PG7,2
PG7,3
PG7,4
PG7,5
MC,1
MC,2
MC,3
MC,4
MC,5
8005,1
8005,2
8005,3
8005,4
8005,5
8006,1
8006,2
8006,3
8006,4
8006,5
WC1,1
WC1,2
WC1,3
WC1,4
WC1,5
WC3,1
WC3,2
WC3,3
WC3,4
WC3,5
152769,1
152769,2
152769,3
152769,4
152769,5
221123,1
221123,2
221123,3
221123,4
221123,5
201427,1
201427,2
201427,3
201427,4
201427,5
201429,1
201429,2
201429,3
201429,4
201429,5
221136,1
221136,2
221136,3
221136,4
221136,5
201424,1
201424,2
201424,3
201424,4
201424,5
201426,1
201426,2
201426,3
201426,4
201426,5
201428,1
201428,2
201428,3
201428,4
201428,5
221137,1
221137,2
221137,3
221137,4
221137,5
221138,1
221138,2
221138,3
221138,4
221138,5
JSC1398,1,No Fold
JSC1398,2,No Fold
JSC1398,3,No Fold
JSC1398,4,No Fold
JSC1398,5,No Fold
JSC1367,1,No Fold
JSC1367,2,No Fold
JSC1367,3,No Fold
JSC1367,4,No Fold
JSC1367,5,No Fold
JSC1368,1,No Fold
JSC1368,2,No Fold
JSC1368,3,No Fold
JSC1368,4,No Fold
JSC1368,5,No Fold
JSC1369,1,No Fold
JSC1369,2,No Fold
JSC1369,3,No Fold
JSC1369,4,No Fold
JSC1369,5,No Fold
JSC1466,1,No Fold
JSC1466,2,No Fold
JSC1466,3,No Fold
JSC1466,4,No Fold
JSC1466,5,No Fold
JSC1403,1,No Fold
JSC1403,2,No Fold
JSC1403,3,No Fold
JSC1403,4,No Fold
JSC1403,5,No Fold
JSC1451,1,No Fold
JSC1451,2,No Fold
JSC1451,3,No Fold
JSC1451,4,No Fold
JSC1451,5,No Fold
