DH4909,1
DH4909,2
DH4909,3
DH4909,4
DH4909,5
DH4911,1
DH4911,2
DH4911,3
DH4911,4
DH4911,5
DH4912,1
DH4912,2
DH4912,3
DH4912,4
DH4912,5
GUWGNA,2
GYPA,1
GYPA,2
GYPA,3
GYPA,4
GYPA,5
GYPD,1
KGAMEDS,1
KGAMEDS,2
KGAMEDS,3
KGAMEDS,4
KGAMEDS,5
MACUSANITE,1
MACUSANITE,2
MACUSANITE,3
MACUSANITE,4
MACUSANITE,5
MHC2319,3
MHC2319,4
MHC2319,5
NAU2HIS,1
SRM97A,1
SRM97A,2
SRM97A,3
SRM97A,4
SRM97A,5
UNSAK,1
UNSAK,2
UNSAK,3
UNSAK,4
UNSAK,5
IGS29,1
IGS29,2
IGS29,3
IGS29,4
IGS29,5
SARM16,1
SARM16,2
SARM16,3
SARM16,4
SARM16,5
OREAS170A,1
OREAS170A,2
OREAS170A,3
OREAS170A,4
OREAS170A,5
JMN1,1
JMN1,2
JMN1,3
JMN1,4
JMN1,5
JSC1413,1
JSC1376,1
JSC1376,2
JSC1376,3
JSC1376,4
JSC1376,5
JSC1428,1
JSC1428,2
JSC1428,3
JSC1428,4
JSC1428,5
JSC1397,1
JSC1397,2
JSC1397,3
JSC1397,4
JSC1397,5
JSC1398,1
JSC1398,2
JSC1398,3
JSC1398,4
JSC1398,5
JSC1423,1
JSC1423,2
JSC1423,3
JSC1423,4
JSC1423,5
JSC1401,5
JSC1439,1
JSC1439,2
JSC1439,3
JSC1439,4
JSC1439,5
JSC1460,1
JSC1460,2
JSC1460,3
JSC1460,4
JSC1460,5
JSC1461,1
JSC1461,2
JSC1461,3
JSC1461,4
JSC1461,5
MIX1D,1
MIX1D,2
MIX1D,3
MIX1D,4
MIX1D,5
MIX1O,1
MIX1O,2
MIX1O,3
MIX1O,4
MIX1O,5
MIX2O,1
MIX2O,2
MIX2O,3
MIX2O,4
MIX2O,5
MIX3O,1
MIX3O,2
MIX3O,3
MIX3O,4
MIX3O,5
MIX5D,1
MIX5D,2
MIX5D,3
MIX5D,4
MIX5D,5
MIX5O,1
MIX5O,2
MIX5O,3
MIX5O,4
MIX5O,5
MIX6O,1
MIX6O,2
MIX6O,3
MIX6O,4
MIX6O,5
LP14,1
14PS,1
14PS,2
14PS,3
14PS,4
14PS,5
19PS,1
19PS,2
19PS,3
19PS,4
19PS,5
GSR2,1,No Fold
GSR2,2,No Fold
GSR2,3,No Fold
GSR2,4,No Fold
GSR2,5,No Fold
JSC1386,1,No Fold
JSC1386,2,No Fold
JSC1386,3,No Fold
JSC1386,4,No Fold
JSC1386,5,No Fold
JSC1388,1,No Fold
JSC1388,2,No Fold
JSC1388,3,No Fold
JSC1388,4,No Fold
JSC1388,5,No Fold
JSC1430,1,No Fold
JSC1430,2,No Fold
JSC1430,3,No Fold
JSC1430,4,No Fold
JSC1430,5,No Fold
JSC1431,1,No Fold
JSC1431,2,No Fold
JSC1431,3,No Fold
JSC1431,4,No Fold
JSC1431,5,No Fold
JSC1380,1,No Fold
JSC1380,2,No Fold
JSC1380,3,No Fold
JSC1380,4,No Fold
JSC1380,5,No Fold
JSC1381,1,No Fold
JSC1381,2,No Fold
JSC1381,3,No Fold
JSC1381,4,No Fold
JSC1381,5,No Fold
JSC1391,1,No Fold
JSC1391,2,No Fold
JSC1391,3,No Fold
JSC1391,4,No Fold
JSC1391,5,No Fold
JSC1456,1,No Fold
JSC1456,2,No Fold
JSC1456,3,No Fold
JSC1456,4,No Fold
JSC1456,5,No Fold
JSC1393,1,No Fold
JSC1393,2,No Fold
JSC1393,3,No Fold
JSC1393,4,No Fold
JSC1393,5,No Fold
JSC1394,1,No Fold
JSC1394,2,No Fold
JSC1394,3,No Fold
JSC1394,4,No Fold
JSC1394,5,No Fold
JSC1454,1,No Fold
JSC1454,2,No Fold
JSC1454,3,No Fold
JSC1454,4,No Fold
JSC1454,5,No Fold
JSC1433,1,No Fold
JSC1433,2,No Fold
JSC1433,3,No Fold
JSC1433,4,No Fold
JSC1433,5,No Fold
JSC1396,1,No Fold
JSC1396,2,No Fold
JSC1396,3,No Fold
JSC1396,4,No Fold
JSC1396,5,No Fold
JSC1367,1,No Fold
JSC1367,2,No Fold
JSC1367,3,No Fold
JSC1367,4,No Fold
JSC1367,5,No Fold
JSC1368,1,No Fold
JSC1368,2,No Fold
JSC1368,3,No Fold
JSC1368,4,No Fold
JSC1368,5,No Fold
JSC1369,1,No Fold
JSC1369,2,No Fold
JSC1369,3,No Fold
JSC1369,4,No Fold
JSC1369,5,No Fold
JSC1399,1,No Fold
JSC1399,2,No Fold
JSC1399,3,No Fold
JSC1399,4,No Fold
JSC1399,5,No Fold
JSC1400,1,No Fold
JSC1400,2,No Fold
JSC1400,3,No Fold
JSC1400,4,No Fold
JSC1400,5,No Fold
JSC1422,1,No Fold
JSC1422,2,No Fold
JSC1422,3,No Fold
JSC1422,4,No Fold
JSC1422,5,No Fold
JSC1417,1,No Fold
JSC1417,2,No Fold
JSC1417,3,No Fold
JSC1417,4,No Fold
JSC1417,5,No Fold
JSC1466,1,No Fold
JSC1466,2,No Fold
JSC1466,3,No Fold
JSC1466,4,No Fold
JSC1466,5,No Fold
JSC1403,1,No Fold
JSC1403,2,No Fold
JSC1403,3,No Fold
JSC1403,4,No Fold
JSC1403,5,No Fold
JSC1405,1,No Fold
JSC1405,2,No Fold
JSC1405,3,No Fold
JSC1405,4,No Fold
JSC1405,5,No Fold
JSC1407,1,No Fold
JSC1407,2,No Fold
JSC1407,3,No Fold
JSC1407,4,No Fold
JSC1407,5,No Fold
JSC1441,1,No Fold
JSC1441,2,No Fold
JSC1441,3,No Fold
JSC1441,4,No Fold
JSC1441,5,No Fold
JSC1409,1,No Fold
JSC1409,2,No Fold
JSC1409,3,No Fold
JSC1409,4,No Fold
JSC1409,5,No Fold
JSC1410,1,No Fold
JSC1410,2,No Fold
JSC1410,3,No Fold
JSC1410,4,No Fold
JSC1410,5,No Fold
JSC1411,1,No Fold
JSC1411,2,No Fold
JSC1411,3,No Fold
JSC1411,4,No Fold
JSC1411,5,No Fold
JSC1412,1,No Fold
JSC1412,2,No Fold
JSC1412,3,No Fold
JSC1412,4,No Fold
JSC1412,5,No Fold
JSC1443,1,No Fold
JSC1443,2,No Fold
JSC1443,3,No Fold
JSC1443,4,No Fold
JSC1443,5,No Fold
JSC1444,1,No Fold
JSC1444,2,No Fold
JSC1444,3,No Fold
JSC1444,4,No Fold
JSC1444,5,No Fold
JSC1445,1,No Fold
JSC1445,2,No Fold
JSC1445,3,No Fold
JSC1445,4,No Fold
JSC1445,5,No Fold
JSC1447,1,No Fold
JSC1447,2,No Fold
JSC1447,3,No Fold
JSC1447,4,No Fold
JSC1447,5,No Fold
JSC1449,1,No Fold
JSC1449,2,No Fold
JSC1449,3,No Fold
JSC1449,4,No Fold
JSC1449,5,No Fold
JSC1451,1,No Fold
JSC1451,2,No Fold
JSC1451,3,No Fold
JSC1451,4,No Fold
JSC1451,5,No Fold
JSC1453,1,No Fold
JSC1453,2,No Fold
JSC1453,3,No Fold
JSC1453,4,No Fold
JSC1453,5,No Fold
JSC1455,1,No Fold
JSC1455,2,No Fold
JSC1455,3,No Fold
JSC1455,4,No Fold
JSC1455,5,No Fold
JSC1457,1,No Fold
JSC1457,2,No Fold
JSC1457,3,No Fold
JSC1457,4,No Fold
JSC1457,5,No Fold
JSC1458,1,No Fold
JSC1458,2,No Fold
JSC1458,3,No Fold
JSC1458,4,No Fold
JSC1458,5,No Fold
JSC1459,1,No Fold
JSC1459,2,No Fold
JSC1459,3,No Fold
JSC1459,4,No Fold
JSC1459,5,No Fold
JSC1462,1,No Fold
JSC1462,2,No Fold
JSC1462,3,No Fold
JSC1462,4,No Fold
JSC1462,5,No Fold
JSC1463,1,No Fold
JSC1463,2,No Fold
JSC1463,3,No Fold
JSC1463,4,No Fold
JSC1463,5,No Fold
JSC1464,1,No Fold
JSC1464,2,No Fold
JSC1464,3,No Fold
JSC1464,4,No Fold
JSC1464,5,No Fold
JSC1468,1,No Fold
JSC1468,2,No Fold
JSC1468,3,No Fold
JSC1468,4,No Fold
JSC1468,5,No Fold
JSC1470,1,No Fold
JSC1470,2,No Fold
JSC1470,3,No Fold
JSC1470,4,No Fold
JSC1470,5,No Fold
